{"cameraMode":{"drawMode":0,"name":"Shaded","section":"Shading Mode"},"sceneLighting":true,"audioPlay":false,"sceneViewState":{"m_AlwaysRefresh":false,"showFog":true,"showSkybox":true,"showFlares":true,"showImageEffects":true,"showParticleSystems":true,"showVisualEffectGraphs":true,"m_FxEnabled":true},"in2DMode":false,"pivot":{"x":0.5000640153884888,"y":0.7869947552680969,"z":-2.8501453399658205},"rotation":{"x":-0.011231593787670136,"y":0.9886539578437805,"z":-0.09819906204938889,"w":-0.11319845169782639},"size":1.0850921869277955,"orthographic":false}